backdrop_path,id,original_language,overview,popularity,poster_path,release_date,title,video,vote_average,vote_count,ALG,WATCHED
/zDlRECfUWryMJvQfjRYTIgv1T6v.jpg,934707,en,"After being violently pushed from a window, Mary wakes up in the hospital, almost completely paralyzed. Trapped inside the prison of her own body, Mary's only way to communicate is by blinking her eyes. She tries to warn the nurse that a sinister, inhuman force is trying to kill her. But when strange things begin happening around her, she realizes it may be too late to stop it.",1.3,/i9d0SOdZMVrwH9zTBFY5yModuSQ.jpg,13/03/2022,Blink,FALSE,8.2,13,820%,
/AfvIjhDu9p64jKcmohS4hsPG95Q.jpg,756999,en,"Finney Blake, a shy but clever 13-year-old boy, is abducted by a sadistic killer and trapped in a soundproof basement where screaming is of little use. When a disconnected phone on the wall begins to ring, Finney discovers that he can hear the voices of the killer’s previous victims. And they are dead set on making sure that what happened to them doesn’t happen to Finney.",1859.909,/lr11mCT85T1JanlgjMuhs9nMht4.jpg,22/06/2022,The Black Phone,FALSE,7.9,2332,790%,Y
/ndrgw8jZ7KQUtHTn6wwDUHf4iZz.jpg,852438,fr,Things go badly for a small film crew shooting a low-budget zombie movie when they are attacked by real zombies.,10.846,/sOCMpVoR8Q8zdpS5JQjjqfQ72na.jpg,17/05/2022,Final Cut,FALSE,7.4,137,740%,
/b1L7qevxiVpkVFq4dmdQPGFPWH0.jpg,836225,en,"An American priest working in Mexico is considered a saint by many local parishioners. However, due to a botched exorcism, he carries a secret that’s eating him alive until he gets an opportunity to face his demon one final time.",812.55,/hangTmbxpSV4gpHG7MgSlCWSSFa.jpg,11/03/2022,The Exorcism of God,FALSE,7.2,580,720%,
/xVbppM1xgbskOKgOuV8fbWBWHtt.jpg,762504,en,"Residents in a lonely gulch of inland California bear witness to an uncanny, chilling discovery.",2735.725,/AcKVlWaNVVVFQwro3nLXqPljcYA.jpg,20/07/2022,Nope,FALSE,7.1,1180,710%,Y
/5GA3vV1aWWHTSDO5eno8V5zDo8r.jpg,760161,en,"After escaping from an Estonian psychiatric facility, Leena Klammer travels to America by impersonating Esther, the missing daughter of a wealthy family. But when her mask starts to slip, she is put against a mother who will protect her family from the murderous “child” at any cost.",729.277,/wSqAXL1EHVJ3MOnJzMhUngc8gFs.jpg,27/07/2022,Orphan: First Kill,FALSE,7.1,443,710%,Y
/3myU9OTSvAXxFVYBDUDs9zDFF4P.jpg,629015,en,A young single mother is held captive along with her two children by a violent ex and must plot their escape before it’s too late.,713.986,/b5ug4LyLQFeR6azAJyIPBQz5ur9.jpg,24/03/2022,Shut In,FALSE,7.1,200,710%,Y
/i0zbSmiyyylh7H3Qb4jgscz46Pm.jpg,893370,es,A virus is unleashed and a chilling massacre runs through the streets of Montevideo.,308.785,/qDNZWDJGU2LTPpPpVGPQMxKv8xl.jpg,21/04/2022,Virus:32,FALSE,7.1,128,710%,
/Pg0al5HWhs6wYMxfD2A8A7QnB7.jpg,925786,id,"After moving from their home to an apartment building, a new terror awaits Rini’s family.",18.484,/5MK8njK8trk1xM1KeGSVd69AAvn.jpg,04/08/2022,Satan's Slaves 2: Communion,FALSE,7.1,12,710%,
/oVv5l6L5Wi5j3gd4P2vt0YvVMOg.jpg,787752,en,"Frustrated by scrolling dating apps only to end up on lame, tedious dates, Noa takes a chance by giving her number to the awkwardly charming Steve after a produce-section meet-cute at the grocery store.",38.318,/tlu71AgaL3EQBBCNGsAwZLPbV5D.jpg,03/03/2022,Fresh,FALSE,7,792,700%,Y
/hk4PwhKhT7q7jp1lvA8aiYqDluy.jpg,926899,en,"Across different eras, a poor family, an anxious developer and a fed-up landlady become tied to the same mysterious house in this animated dark comedy.",165.458,/iZjMFSKCrleKolC1gYcz5Rs8bk1.jpg,14/01/2022,The House,FALSE,7,713,700%,
/2il2HT8v6NAN7oinOCuHKpEhgnB.jpg,833425,en,"Stranded at a rest stop in the mountains during a blizzard, a recovering addict discovers a kidnapped child hidden in a car belonging to one of the people inside the building which sets her on a terrifying struggle to identify who among them is the kidnapper.",338.127,/5cnLoWq9o5tuLe1Zq4BTX4LwZ2B.jpg,25/02/2022,No Exit,FALSE,7,692,700%,Y
/vqEX1uF3Spl12rOACQ3gJ6j4MSR.jpg,864370,zh,"Inspired by a true story of a family who believed they were possessed by spirits, this film follows a woman who must protect her child from a curse.  WARNING: This is a cursed video, it might contain certain risks to watch. For those who dares to follow, please solve the puzzle of my daughter's curse with me.",507.747,/6zltP23zLGPogsHZUazSrrwNuKs.jpg,18/03/2022,Incantation,FALSE,7,295,700%,Y
/cetU6lsj5bFCCFTWezGISmYwDAG.jpg,896448,en,"A young woman survives a great white shark attack, whilst on a family boating vacation, however soon realizes the nightmare is far from over. Those around her can not be trusted, and she must face her demons, if she is to step back in the water.",649.079,/xXE9IDEFiye0zNzmnT0eUDbGyVI.jpg,05/07/2022,Beneath the Surface,FALSE,7,41,700%,
/bJcD8d58JWUpHB2tZl7ykDohtJB.jpg,695962,hi,"When strangers Reet and Ruhan cross paths, their journey leads to an abandoned mansion and a dreaded spirit who has been trapped for 18 years.",11.895,/fw0oMHiMt9qOuKEJEmzFiCNAnXc.jpg,20/05/2022,Bhool Bhulaiyaa 2,FALSE,7,33,700%,
/5L6RPHHUFlsliTqKRmUxFnIkXpR.jpg,755566,en,An LA vampire hunter has a week to come up with the cash to pay for his kid's tuition and braces. Trying to make a living these days just might kill him.,1680.152,/bI7lGR5HuYlENlp11brKUAaPHuO.jpg,10/08/2022,Day Shift,FALSE,6.9,856,690%,
/zSDyqp2mhV45ZjI1EUBMfzupKKt.jpg,982543,en,"After learning that their younger sibling escaped an earlier kidnapping attempt that also killed their parents, two estranged sisters must join forces to rescue her from a group of bloodthirsty vampires. Out for revenge and control of a vampirism vaccine, Thorn and his band of the undead soon learn that they messed with the wrong family.",309.615,/jLtP8TLycVzLUlkkhp8PipXfUh6.jpg,07/06/2022,V for Vengeance,FALSE,6.8,45,680%,
/ifUfE79O1raUwbaQRIB7XnFz5ZC.jpg,646385,en,"Twenty-five years after a streak of brutal murders shocked the quiet town of Woodsboro, a new killer has donned the Ghostface mask and begins targeting a group of teenagers to resurrect secrets from the town’s deadly past.",340.974,/1m3W6cpgwuIyjtg5nSnPx7yFkXW.jpg,12/01/2022,Scream,FALSE,6.7,1629,670%,Y
/21ldFAokKVjwzi1SHXoPb5gc7md.jpg,760104,en,"In 1979, a group of young filmmakers set out to make an adult film in rural Texas, but when their reclusive, elderly hosts catch them in the act, the cast find themselves fighting for their lives.",985.078,/woTQx9Q4b8aO13jR9dsj8C9JESy.jpg,17/03/2022,X,FALSE,6.7,871,670%,Y
/3j5dZIR2sJs5SnzI7haAGJqnkHJ.jpg,846867,en,"A figure known as ""The Assassin"" descends from the heavens into a nightmarish pit full of monsters, titans and cruelty.",19.867,/sEULzxEZvrJvhz91wKxpbih25Sk.jpg,16/06/2022,Mad God,FALSE,6.7,96,670%,
/qViFGWCHaSmW4gP00RGh3xjMjsP.jpg,758724,en,"When Keira Woods' daughter mysteriously vanishes in the cellar of their new house in the country, she soon discovers there is an ancient and powerful entity controlling their home that she will have to face or risk losing her family's souls forever.",975.64,/rtfGeS5WMXA6PtikIYUmYTSbVdg.jpg,25/03/2022,The Cellar,FALSE,6.6,214,660%,Y
/qhRQLTYnGWvI4nYE05DaDjgvCna.jpg,897424,en,"Following the aftermath of a horrific accident, a woman is voluntarily subjected to artificial intelligence for rehabilitation.",240.292,/q1ngkvPCnOYKeyNZjg8QqvaSnuZ.jpg,09/05/2022,Dark Cloud,FALSE,6.6,59,660%,
/buv0fKzzXJ4fwyyquYKWQPaUkyx.jpg,520023,en,"In an isolated family mansion, a group of rich 20-somethings decides to play Bodies Bodies Bodies, a game where one of them is secretly a “killer” while the rest tries to “escape”. Things take a turn for the worse when real bodies start turning up, setting off a paranoid and dangerous chain of events.",25.69,/uU3YoLSaVBOaMryzhuiiRWDFbIw.jpg,05/08/2022,Bodies Bodies Bodies,FALSE,6.6,32,660%,
/1UxeCdDveWRgcOBsHIezHmnwT4P.jpg,950925,en,Hunting Souls is the story of an American couple who are dealing with the hardships of caring for their sick child. They discover that they are being hunted by a demon.,4.779,/rBuE76iVZObavtfWYJqvMdJMBnM.jpg,04/04/2022,Hunting Souls,FALSE,6.6,18,660%,
/bnXGwFBomUseQIc9Xqiymy9p8qP.jpg,517302,fi,"12 year old Tinja is desperate to please her mother, a woman obsessed with presenting the image of a perfect family. One night, Tinja finds a strange egg. What hatches is beyond belief.",37.158,/jgJACjJIpcbFfEEmEglinfQWQPO.jpg,04/03/2022,Hatching,FALSE,6.5,115,650%,Y
/kdOfq5ImruKCJDEqASuuXlrj9LM.jpg,883083,mk,"In an isolated mountain village in 19th century Macedonia, a young feral witch accidentally kills a peasant. She assumes the peasant's shape to see what life is like in her skin, igniting a deep seated curiosity to experience life inside the bodies of others.",18.099,/45W9ViL5ilurSLVzBEybYXHrxEJ.jpg,01/04/2022,You Won't Be Alone,FALSE,6.5,61,650%,Y
/9HRuufyaDwTajlFpMKgki9cr2wQ.jpg,885121,en,"Two female roommates were tormented by the vengeful spirits dwelling in their gothic-style, rented apartment, which contains an ornate centerpiece.",6.051,/t4M0n5kfToiU9TIf22bccSbNugG.jpg,15/04/2022,Room 203,FALSE,6.5,41,650%,
/1Xrsu5g27B07H1YysaNNnFb5nxl.jpg,842052,es,"Julián Lemar, a best-selling suspense writer, goes on vacation with his family to a cabin in the woods. During a strong storm, the power goes out and a woman shows up desperately asking for help: her husband killed her son and now he wants to kill her. From that moment on, danger and deception are a constant threat and for Julián a hellish night begins until he discovers the truth.",73.108,/6b0cvhxUtzgOZitexarQTLTHDCU.jpg,27/01/2022,Echoes,FALSE,6.5,29,650%,
/9hhRzLzP1enjENXiGJocAHyWFmS.jpg,869399,es,"Four people traveling in a van run over a lone woman while she is walking in the dark down a country road. After loading her into the vehicle to take her to the nearest hospital, they notice that she is behaving rather strangely. The occupants of the van soon realise that the time has come to fight for their lives, and together they agree on one very simple rule: ""do not sit next to her.""",404.981,/6bYCDIYqT3GpE6ICnMP6HvUlJMT.jpg,03/06/2022,The Passenger,FALSE,6.5,22,650%,
/pkLegAR3G5T63B2Xz2ijbD1BAm8.jpg,927341,en,"Billionaire sportsman Buddy King unwinds by hunting human captives on his remote mountain estate. But his latest victim, Ava Bravo, is no easy target.",1036.819,/etc6HKBEhNySNnYU2nRgbSeIyoW.jpg,01/04/2022,Hunting Ava Bravo,FALSE,6.4,41,640%,
/sqdsuvy8X6Maila4IAc7deMtPAA.jpg,819876,en,"Humans adapt to a synthetic environment, with new transformations and mutations. With his partner Caprice, Saul Tenser, celebrity performance artist, publicly showcases the metamorphosis of his organs in avant-garde performances.",38.842,/nWyoiaHAcPouRKKGgZa32p6Txkb.jpg,02/06/2022,Crimes of the Future,FALSE,6.4,377,640%,
/utUVo1wt3i4OdrQQS3I9QeegYsM.jpg,780609,en,"In the aftermath of a personal tragedy, Harper retreats alone to the beautiful English countryside, hoping to find a place to heal. But someone — or something — from the surrounding woods appears to be stalking her, and what begins as simmering dread becomes a fully-formed nightmare, inhabited by her darkest memories and fears.",43.832,/jo1Kv3P3UgDVk7JnUFr2Cl8WWUM.jpg,20/05/2022,Men,FALSE,6.4,295,640%,Y
/ppNyhrKHCeEgASliV4QN03bp6QR.jpg,895744,en,"Legendary rock band Foo Fighters move into an Encino mansion steeped in grisly rock and roll history to record their much anticipated 10th album. Once in the house, Dave Grohl finds himself grappling with supernatural forces that threaten both the completion of the album and the lives of the band.",510.764,/zD2XyaV6eGEEgEzVnjg0hQVR5yz.jpg,24/02/2022,Studio 666,FALSE,6.4,95,640%,Y
/up8mHTvnn92bqcq3paWbFdWWXXz.jpg,939914,en,"After a breakup, Wes ends up at a remote rest stop. He finds himself locked inside the bathroom with a mysterious figure speaking from an adjacent stall. Soon Wes realizes he is involved in a situation more terrible than he could imagine.",13.442,/gttZLC3yhLFx1EnfjEUaDb2YAwl.jpg,21/07/2022,Glorious,FALSE,6.4,32,640%,
/dFCtmk760k1j6G0sSPrZMnMuNuL.jpg,960258,en,"A group of friends enjoying a weekend steal a couple of jetskis racing them out to sea, ending up in a horrific head-on collision. They struggle to find a way home with a badly injured friend while from the waters below predators lurk.",395.675,/mVVU9zC8snNHlcqYONY2HOsh9ob.jpg,13/05/2022,Shark Bait,FALSE,6.3,130,630%,
/8TUb2U9GN3PonbXAQ1FBcJ4XeXu.jpg,760741,en,"A recently widowed man and his two teenage daughters travel to a game reserve in South Africa. However, their journey of healing soon turns into a fight for survival when a bloodthirsty lion starts to stalk them.",544.227,/xIGr7UHsKf0URWmyyd5qFMAq4d8.jpg,11/08/2022,Beast,FALSE,6.3,85,630%,
/t6Fs0EOFIxzEGHZLHxJ3v7K4JRB.jpg,852830,en,"A promising up-and-coming country duo seek out the secluded mansion of their idol Harper Dutch, a former country music star and Nashville royalty turned recluse. What starts out as a friendly visit devolves into a twisted series of horrors forcing the friends to confront the lengths they will go to in pursuit of their dreams.",11.728,/w8dSAuMHUgx0lYSB6wAAURStcGM.jpg,20/05/2022,Torn Hearts,FALSE,6.3,33,630%,Y
/8wOxfCWOJglfuYTiXuF1FAP5tjr.jpg,821489,en,"Genuine but increasingly insecure Pete is cautiously excited about reuniting with his college crew for a birthday weekend of memories, partying and earnest reconnection at a picturesque English manor. Best laid plans, dear audience.",5.384,/cBFdnp7T4tGTwaLI32CmiLGxarV.jpg,11/03/2022,All My Friends Hate Me,FALSE,6.3,24,630%,
/tNsT0gtiYOb9qx0xFqvQwKqVvHq.jpg,807356,en,"As a serial killer stalks the city, Julia — a young actress who just moved to town with her husband — notices a mysterious stranger watching her from across the street.",22.211,/dXCjoI3jdtBrwPHgVsyNLkl8Rvs.jpg,03/06/2022,Watcher,FALSE,6.2,117,620%,Y
/3mvV2BXwZnQdUuvGECaHoUjxB3d.jpg,730167,en,"After her sister's murder, Nic, her younger sister and two friends seek solace through a Pacific island kayaking adventure. Hours into the trip the women are stalked by a shark and must band together, face their fears and save each other.",20.172,/xwzbih0T2aungMzfASUpeGSODrU.jpg,14/07/2022,The Reef: Stalked,FALSE,6.2,80,620%,
/99CeVSYiZcdqmVXi4S9U4tLuwg8.jpg,830788,en,"After the death of her mother, Evie is approached by an unknown cousin who invites her to a lavish wedding in the English countryside. Soon, she realizes a gothic conspiracy is afoot and must fight for survival as she uncovers twisted secrets in her family’s history.",93.706,/jcTq6gIskCsHlKDvCKKouEfiU66.jpg,24/08/2022,The Invitation,FALSE,6.2,30,620%,
/2ZvAbtvBsE0q0ApFY4PXFPNB9o5.jpg,912391,en,"On June 30th, 2018, Officer David Serling went missing inside an undisclosed abandoned hospital. Using his recovered body cam footage, his wife attempts to piece together what happened to him on that horrible night.",4.728,/gXdu0JG4s1yjQg8XC0CTGMWXQWy.jpg,14/01/2022,Last Radio Call,FALSE,6.2,22,620%,
/cE32JiJ8HRfzcMuzQILo0XC2Z4k.jpg,660327,fr,"""Drinking, dancing and... killing me. It's the new life my neighbour Jose has decided to live. What better way to escape boredom than coming to kill me every thursday? His wife, Lucie, prefers to go to a shrink. To each their own therapy.",4.033,/eDv5g9PH91PM5L50D5MbIic1TSg.jpg,08/06/2022,15 Ways to Kill Your Neighbour,FALSE,6.2,12,620%,
/591Cjf3DWGAcJbQYdHmRS7fHH3z.jpg,811656,en,"Laura, traumatized by an abusive relationship, runs away from her former husband with her seven-year-old son Cody. But in their new, idyllic and remote sanctuary, they find they have another, bigger and more terrifying monster to deal with…",26.849,/ec3aX4DyjepEhPkpIUukaBxKpN3.jpg,13/05/2022,Monstrous,FALSE,6.1,77,610%,Y
/5DCIRgOrCTayoCGggVn1kyqs1Vh.jpg,945657,en,"After a mammoth cruise ship sails over the site of the Titanic’s disaster, dark and deadly events start to occur on board. As the ship’s captain investigates the tragic occurrences, it becomes clear that the passengers and crew from the original Titanic have returned.",607.099,/EX0ITg5YqDgFHjujpTNhEPaJSL.jpg,15/04/2022,Titanic 666,FALSE,6.1,69,610%,
/gMjDk5oam8qheEKbrt0quh59CKN.jpg,771536,en,In a North Dublin housing estate Char's mother goes missing. When she returns Char is determined to uncover the truth of her disappearance and unearth the dark secrets of her family.,6.618,/sUw081I0k5JWL6NpTaDRjMpLKwr.jpg,04/03/2022,You Are Not My Mother,FALSE,6.1,36,610%,
/tzNx4y7kYf1Xw3F3T6QxrE7PPwb.jpg,825808,en,"When blind former skier Sophie cat-sits in a secluded mansion, three thieves invade for the hidden safe. Sophie's only defense is army veteran Kelly, who she meets on the See For Me app. Kelly helps Sophie defend herself against the invaders and survive.",400.688,/qk1ZERG6yhwAJqTobmDgw8jRL2C.jpg,07/01/2022,See for Me,FALSE,6.1,101,610%,Y
/bIFrsAcqkLUUxaaiqqpFexYPeCh.jpg,532710,en,"For more than a decade, parents Andy and Vicky have been on the run, desperate to hide their daughter Charlie from a shadowy federal agency that wants to harness her unprecedented gift for creating fire into a weapon of mass destruction. Andy has taught Charlie how to defuse her power, which is triggered by anger or pain. But as Charlie turns 11, the fire becomes harder and harder to control. After an incident reveals the family's location, a mysterious operative is deployed to hunt down the family and seize Charlie once and for all. Charlie has other plans.",35.235,/7CGKjQLsmVcpd46MjhRHI5w54hV.jpg,12/05/2022,Firestarter,FALSE,6,338,600%,
/egS5SHI4Ppwmb65lUjqsy79ASnN.jpg,756681,es,A group of spanish tourists in Venice finds themselves fighting for their lives against locals that are not too keen on foreigners.,370.864,/luMC56bwZqaECYRz6X7sXjqN6nd.jpg,22/04/2022,Veneciafrenia,FALSE,6,115,600%,
/qQWR4f765vp8uRKaY39R8W47wLX.jpg,888257,en,"In 1866, a young doctor is summoned by his uncle to a remote town in the Ozarks only to discover upon his arrival that the utopian paradise is not all that it seems to be.",3.173,/7a2G4a4A6nDb8K1PVFUcsOT1u3s.jpg,04/02/2022,Ghosts of the Ozarks,FALSE,6,12,600%,
/jNFHtD1vSPxLc2kdoNGIUuuu015.jpg,891931,en,A cult is about to waken H.P. Lovecraft's most feared creature.,7.157,/8R7LbNCvDMFq3dCGaVbH6tPHd69.jpg,29/01/2022,Monster Portal,FALSE,5.9,75,590%,
/AcStyrENNAzGB7hkCPe1YWgFgWM.jpg,477462,fi,"Every parent's worst nightmare is just the beginning for Rachel's ordeal as in the aftermath of a tragic accident, she and her husband Anthony decide to move to the other side of the world to focus on their surviving twin son Elliot.  What begins as a time of healing and isolation in the Finnish countryside turns into a desperate battle for the very soul of their son as an entity claiming to be his dead twin brother takes over Elliot — setting Rachel on a diabolical journey to unravel the horrible truth about her twin son.",22.899,/w22qYgMdEzvZ4tZd1n8q87uKE15.jpg,06/04/2022,The Twin,FALSE,5.9,67,590%,
/7TMmstyyot1rxOUqXaCY4Rwy8YO.jpg,860135,en,"Sara wakes from a coma to a life she doesn't remember; a fragile, slippery reality that spirals into a nightmare where nothing is as it seems.",5.328,/exjf5UDJTrOHALugoBAxFUfEPwe.jpg,14/01/2022,The Free Fall,FALSE,5.9,14,590%,
/An1nKjXahrChfEbZ3MAE8fsiut1.jpg,661791,es,"A Paris model must return to Madrid where her grandmother, who raised her, has had a stroke. But spending just a few days with this relative turns into an unexpected nightmare.",462.585,/eIUixNvox4U4foL5Z9KbN9HXYSM.jpg,28/01/2022,The Grandmother,FALSE,5.8,249,580%,
/7WcwKFjhHjMobnlsfFUIpj3b4F7.jpg,855433,ca,,134.104,/bsT3usCK8nTFa6MMiysx2A6gTZX.jpg,11/03/2022,Escape Room: La Película,FALSE,5.8,14,580%,
/aZ8365UJquswZof2R6LQAoAU04k.jpg,638985,id,"Six students were terrorized by a mysterious dancer while running a community service program in a remote village. Apparently, one of them violates the most fatal rule in the village.",11.023,/63InZxeGgfNQCoWkImR14fB99AY.jpg,30/04/2022,"KKN, Curse Of The Dancing Village",FALSE,5.8,11,580%,
/xHRabofjmMGoIV3mb6xgy4nwOcS.jpg,801071,en,"When a vintage Jack-in-the-box is opened by a dying woman, she enters into a deal with the demon within that would see her illness cured in return for helping it claim six innocent victims.",627.888,/3Ib8vlWTrAKRrTWUrTrZPOMW4jp.jpg,24/02/2022,The Jack in the Box: Awakening,FALSE,5.7,75,570%,
/oKs1Y4OryymBMdIPI26Vtw2RlLr.jpg,796256,en,"Upon receiving a mysterious letter that her mother's grave has been vandalized, Marie travels to the desolate island town where she's buried. Just as she arrives, the island closes for the season, leaving Marie trapped in a nightmare.",5.53,/zlX4WdEMzVomRukPjVQx6U9jtBS.jpg,11/03/2022,Offseason,FALSE,5.7,31,570%,
/fBMolTuehlLs8xvFObi4ofN237Y.jpg,776501,en,"Reality and fantasy begin to blur when a teenager, alone in her attic bedroom, immerses herself in a role-playing horror game online.",5.985,/jnXtBLW9VTZqdh2CZslM2hLIhfB.jpg,15/04/2022,We’re All Going to the World’s Fair,FALSE,5.7,28,570%,
/or5e8vxfd9Nc0rrLHKjD3YFhhmg.jpg,959558,nl,"Betriek lives at the edge of a peat bog in the North of the Netherlands. When she and her family are attacked by a random stranger one night, Betriek sets out to find an explanation. The more she digs, the more she becomes convinced that she is being hunted by something ancient.",15.636,/3jVzYOnylmvo7ZnGerjfoRj2wFz.jpg,19/05/2022,Moloch,FALSE,5.7,14,570%,
,887309,en,THE RUNNER follows a strange woman as she travels to a small town where her violent compulsions are slowly revealed.,2.257,/o9G3OmpOdmkXK0uuWCPrEREEUvn.jpg,21/01/2022,The Runner,FALSE,5.7,12,570%,
/8DHvtmF15wGwkMOW3nqZmpEzEaq.jpg,751237,en,"Amanda and her daughter live a quiet life on an American farm, but when the remains of her estranged mother arrive from Korea, Amanda becomes haunted by the fear of turning into her own mother.",119.76,/moLnqJmZ00i2opS0bzCVcaGC0iI.jpg,18/03/2022,Umma,FALSE,5.6,135,560%,Y
/odzicYxlSOKTtLIO3PJvPsBmXS7.jpg,925705,en,A devoted couple's quiet weekend takes a bizarre turn when a nightmarish cult and their maniacal leader come to fulfill an apocalyptic prophesy.,9.012,/iLHGciBl5kwUVJCUj8xKtDqkP7V.jpg,04/02/2022,The Long Night,FALSE,5.6,38,560%,
/ceSQcIWWKSwubn4ny8BlWtE5q7u.jpg,852485,en,"Veronica, an aging film star, retreats to the Scottish countryside with her nurse Desi to recover from  a double mastectomy. While there, mysterious forces give Veronica the power to enact revenge within her dreams.",539.623,/cbN1YWgBmwqGzqF6ZTsM96dub4r.jpg,15/07/2022,She Will,FALSE,5.6,16,560%,
/mzfxTIA4vsPwdXC5zUZbDOSwTr3.jpg,938596,en,A hungry shark begins feeding on some unsuspecting lake goers in a small Texas town.,230.029,/wGE4ImqYjJZQi3xFu4I2OLm8m0w.jpg,05/02/2022,Bull Shark,FALSE,5.5,47,550%,
/g8GKxnKPSRwdmrIkP2mk3xMXQnq.jpg,879957,en,"In a zombie-infested Australian wasteland, soldier Rhys has dedicated his life to tracking and capturing survivors for the Surgeon General in hopes of finding a cure.",17.461,/5FejR8s7E1BYkWRFZ9sPTNHKkxT.jpg,10/02/2022,Wyrmwood: Apocalypse,FALSE,5.5,44,550%,
/h1NOeI3S6TgBqyzxKdlfkiqEpcR.jpg,839678,en,"After their school bus crashes, a group of high school students is thrown into a terrifying fight for survival as they try to take down a group of unhuman savages… before they kill each other first.",90.641,/a0YCxxFhZSczKrw3FHDV0nTyHb5.jpg,03/06/2022,Unhuman,FALSE,5.5,39,550%,
/iQazIvjYsrQpfTOjep6GeQq5N9D.jpg,858015,en,"At the start of the pandemic, an indulgent and self-deluded livestreaming improv musician abandons L.A. for London, steals her ex-bandmate's car, and makes the fateful decision to give a ride to an elderly woman who is not what she seems.",11.299,/xdddNi35jI3u7e8vgXpo5eQVKrG.jpg,03/06/2022,Dashcam,FALSE,5.5,29,550%,Y
/2zhKBlsQbYfqe1H2pz8O0kk3Uk2.jpg,893338,en,"Four friends get together for a nostalgic evening of fun and games after a decade of absence, which takes a dark turn.",73.621,/tc5Y4HDyb0I0z3MvKkLuPb1rVmj.jpg,27/06/2022,Gatlopp: Hell of a Game,FALSE,5.4,24,540%,
/s1CDlZlnl1YUNtlBYr9rjejcPTb.jpg,872497,en,"A woman’s carefully constructed life is upended when an unwelcome shadow from her past returns, forcing her to confront the monster she’s evaded for two decades.",16.123,/kfRr8Jm1gaEnLTXCIfHkSw8QW6t.jpg,29/07/2022,Resurrection,FALSE,5.4,38,540%,
/4rON0QFWpHtZ9bEtfdE68TFbfGr.jpg,739643,en,"Six strangers suddenly awaken in a remote, endless cornfield. Stripped of their possessions, they are left with only six items: a gun with a single bullet, matches, a lantern, a knife, a compass, and a flask of water. As mysterious sirens blare in the distance and traps appear at every turn, the group realizes it’s been plunged into a cat-and-mouse game with an unseen evil, and survival depends upon solving a diabolical and deadly puzzle.",9.517,/3qDumKWwi3YZacMI9u2UoPHWVDi.jpg,06/05/2022,Escape the Field,FALSE,5.4,31,540%,
/aTSA5zMWlVFTYBIZxTCMbLkfOtb.jpg,632727,en,"After nearly 50 years of hiding, Leatherface returns to terrorize a group of idealistic influencers who accidentally disrupt his carefully shielded world in a remote Texas town.",295.732,/e8vYPpkUJpf5Ils99kxF0Ev73ay.jpg,18/02/2022,Texas Chainsaw Massacre,FALSE,5.3,909,530%,Y
/iSsSvXsCTfDSOY8wvJWms616w3I.jpg,838484,en,"In pursuit of an unclaimed $125,000 prize, a broke college dropout decides to play an obscure, 1980s survival computer game. But the game curses her, and she’s faced with dangerous choices and reality-warping challenges. After a series of unexpectedly terrifying moments, she realizes she’s no longer playing for the money but for her life.",19.881,/qJae3ETq8FGn7twQzeMDePyaXMX.jpg,15/04/2022,Choose or Die,FALSE,5.3,488,530%,Y
/bcvfG4p48Bh42ju7vxamkP7PZa3.jpg,680829,en,"At an elite New England university built on the site of a Salem-era gallows hill, two black women strive to find their place. Navigating politics and privilege, they encounter increasingly terrifying manifestations of the school's haunted past… and present.",8.041,/gxbwRHsQ2v6DQv28ttp7pIx7Utj.jpg,18/03/2022,Master,FALSE,5.3,78,530%,Y
/5spmzlcl3GmtMwQfptTVgMwdM3.jpg,816977,en,Campers at an LGBTQ+ conversion camp endure unsettling psychological techniques while the campsite is stalked by a mysterious killer.,469.711,/85TJ4udfUOwFIlvQL6EMFvvbvN5.jpg,24/07/2022,They/Them,FALSE,5.2,93,520%,
/oLsOL0c1bCgtQahfkiVhUZnhaDY.jpg,794234,en,"Laura, 25, is an actress in a L.A.R.P. (Live Action Role Playing) Game, where the participants play the survivors of an atomic war who live underground in a sealed bunker. After several mysterious accidents, the game is interrupted and the players leave the bunker while the staff remain behind to investigate the disappearance of Greg, the mastermind of the game. They soon find themselves trapped inside and in peril as they begin to die in mysterious ways and the group realizes that someone or something paranormal is playing a twisted game with them which quickly plunges into a terrifying fight for survival.",10.839,/1FGenj5LnApAsJVLbd5Ehmn16XV.jpg,24/02/2022,The Bunker Game,FALSE,5.2,47,520%,
/tN5Ws9NXR6N3LR2S39rHfCXrFkN.jpg,926980,de,A wealthy teen and his friends attending an elite private school uncover a dark conspiracy while looking into a series of strange supernatural events.,88.885,/qBLi3Nd5JMQGMiOmmfuPgLw5SzD.jpg,09/02/2022,The Privilege,FALSE,5.1,177,510%,
/mTupUmnuwwAyA0CNqpwaZn5mqjk.jpg,697799,en,"1945. A U.S. military cargo plane loses control and violently crashes behind enemy lines in the middle of the German black forest. Major Johnson sends a squad of his bravest soldiers on a rescue mission to retrieve the top-secret material the plane was carrying, led by Sergeants Brewer and Walsh. They soon discover hanged Nazi soldiers and other dead bodies bearing ancient, magical symbols. Suddenly their compasses fail, their perceptions twist and straying from the group leads to profound horrors as they are attacked by a powerful, supernatural force.",406.721,/9HFFwZOTBB7IPFmn9E0MXdWave3.jpg,21/01/2022,WarHunt,FALSE,5.1,56,510%,
/6a2D7wNSmtSoReVRXXZDpiiX6rd.jpg,848886,en,"A teen and her mother live simply in a home in the woods, spending their time making metal music. A chance encounter with a fellow teen causes her to uncover a connection between her family and witchcraft, which causes a rift with her mother.",13.154,/uLDYfeJ9BvrQsC3MBqMUjG4Hgaz.jpg,05/05/2022,Hellbender,FALSE,5.1,18,510%,
/xiJJJTPA3AQjsMGH56GRU9tuzHa.jpg,880841,en,"After a young couple moves into a remote farmhouse with their infant son, the woman's struggles with postpartum psychosis begin to intensify... as the house reveals secrets of its own.",13.674,/cO9ywQ2AMHM9EoBJsJGH1Gl9U5L.jpg,17/06/2022,Abandoned,FALSE,5.1,16,510%,Y
/pcR9TmNglhzFkNFxaJKdV0XYdqI.jpg,842891,en,"High school student Jane Shipley seeks to mend her splintering relationship with childhood best friend Merritt, and fit in with her rebellious peers. When Jane's math teacher oversteps his bounds, an apathetic high school administration forces Jane and Merritt to take matters into their own hands, driving their relationship into further turmoil and inciting deadly consequences.",8.054,/f6WnHUG65DriFyUXZe0qBnZgZTo.jpg,08/02/2022,Student Body,FALSE,5.1,11,510%,
/d8xOOE8YPuHnxF1W59mTfVNtpsL.jpg,833200,en,"Miles from civilization, a blind teenager and the hunter he befriends are tormented by a mysterious creature lurking in the woods.",6.794,/mjGvA0VpGDOLsRvztJHQXpK8iNv.jpg,18/03/2022,Tethered,FALSE,5,12,500%,
/9BQPM1Fa1hdXaE7hNafO5WWNv9v.jpg,631947,en,"While vacationing in Mexico, a couple discovers their son's disappearance is tied to a supernatural curse.",53.026,/wtgEJKEOLnyQkWemEdFa5W8Q29L.jpg,07/01/2022,The Legend of La Llorona,FALSE,4.9,29,490%,
/jc64XQudNeNsQbSwb1XtpY9ujxl.jpg,590164,en,"A woman is sent to a mental institution after stabbing her classmate in an attempt to conjure an evil spirit called, Mercy Black. Fifteen years later she's released, and must save her nephew, who has become obsessed with the phenomenon.",10.504,/6e0eblwQS11J5ZBb5PNoigCKWGB.jpg,21/01/2022,Mercy Black,FALSE,4.9,13,490%,
/wcCcUsyNZxkrf8yBxm6q8aOa7Kf.jpg,911348,en,"Working in their garage, indie entrepreneurs Madeline and Owen discover the secret of time travel. There's only one hitch: a bug in the code creates a new copy of Madeline at the same time every day.",3.253,/xNVLNTA2232OjOWkm79YYxtO2oW.jpg,01/04/2022,Madelines,FALSE,4.9,11,490%,
/q2KFBGyUSzHDhNqXEYv2LqTWVSz.jpg,870671,en,"When a mysterious animal attack leaves a mutilated body in the forest, a conservative small town detective must enlist the help of an eager wildlife specialist to uncover the dark and disturbing truth that threatens the town.",181.954,/kvhrltQIRp1u84ao9uj52YPaWNY.jpg,21/01/2022,The Hunting,FALSE,4.8,27,480%,
/eVSa4TpyXbOdk9fXSD6OcORJGtv.jpg,803114,en,"A couple on a romantic getaway find themselves stranded at sea when a tropical storm sweeps away their villa. In order to survive, they are forced to fight the elements, while sharks circle below.",333.226,/i0z8g2VRZP3dhVvvSMilbOZMKqR.jpg,28/01/2022,The Requin,FALSE,4.6,167,460%,
/hp6fGWF1e2BMmMg0s6hzR8Me5rT.jpg,775400,en,"Widowed mother Holly is radically tested when her teenage daughter Betsey experiences a profound enlightenment and insists that her body is no longer her own, but in service to a higher power. Bound to her newfound faith, Betsey refuses to eat but loses no weight. In an agonizing dilemma, torn between love and fear, Holly is forced to confront the boundaries of her own beliefs.",3.895,/4FlSYrcjO4z3McJ6UP3V5npb4B4.jpg,18/02/2022,A Banquet,FALSE,4.6,14,460%,
,,,,,,,,,,,,
,,,,,,,,,,,,
,,,,,,,,,,,,
,,,,,,,,,,,,
,,,,,,,,,,,,
,,,,,,,,,,,,
,,,,,,,,,,,,
,,,,,,,,,,,,
,,,,,,,,,,,,
,,,,,,,,,,,,
,,,,,,,,,,,,
,,,,,,,,,,,,
,,,,,,,,,,,,
,,,,,,,,,,,,
,,,,,,,,,,,,
,,,,,,,,,,,,
,,,,,,,,,,,,
,,,,,,,,,,,,
,,,,,,,,,,,,
,,,,,,,,,,,,
,,,,,,,,,,,,
,,,,,,,,,,,,
,,,,,,,,,,,,
,,,,,,,,,,,,
,,,,,,,,,,,,
,,,,,,,,,,,,
,,,,,,,,,,,,
,,,,,,,,,,,,
,,,,,,,,,,,,
,,,,,,,,,,,,
,,,,,,,,,,,,
,,,,,,,,,,,,
,,,,,,,,,,,,
,,,,,,,,,,,,
,,,,,,,,,,,,
,,,,,,,,,,,,
,,,,,,,,,,,,
,,,,,,,,,,,,
,,,,,,,,,,,,
,,,,,,,,,,,,
,,,,,,,,,,,,
,,,,,,,,,,,,
,,,,,,,,,,,,
,,,,,,,,,,,,
,,,,,,,,,,,,
,,,,,,,,,,,,
,,,,,,,,,,,,
,,,,,,,,,,,,
,,,,,,,,,,,,
,,,,,,,,,,,,
,,,,,,,,,,,,
,,,,,,,,,,,,
,,,,,,,,,,,,
,,,,,,,,,,,,
,,,,,,,,,,,,
,,,,,,,,,,,,
,,,,,,,,,,,,
,,,,,,,,,,,,
,,,,,,,,,,,,
,,,,,,,,,,,,
,,,,,,,,,,,,
,,,,,,,,,,,,
,,,,,,,,,,,,
,,,,,,,,,,,,
,,,,,,,,,,,,
,,,,,,,,,,,,
,,,,,,,,,,,,
,,,,,,,,,,,,
,,,,,,,,,,,,
,,,,,,,,,,,,
,,,,,,,,,,,,
,,,,,,,,,,,,
,,,,,,,,,,,,
,,,,,,,,,,,,
,,,,,,,,,,,,
,,,,,,,,,,,,
,,,,,,,,,,,,
,,,,,,,,,,,,
,,,,,,,,,,,,
,,,,,,,,,,,,
,,,,,,,,,,,,
,,,,,,,,,,,,
,,,,,,,,,,,,
,,,,,,,,,,,,
,,,,,,,,,,,,
,,,,,,,,,,,,
,,,,,,,,,,,,
,,,,,,,,,,,,
,,,,,,,,,,,,
,,,,,,,,,,,,
,,,,,,,,,,,,
,,,,,,,,,,,,
,,,,,,,,,,,,
,,,,,,,,,,,,
,,,,,,,,,,,,
,,,,,,,,,,,,
,,,,,,,,,,,,
,,,,,,,,,,,,
,,,,,,,,,,,,
,,,,,,,,,,,,
,,,,,,,,,,,,
,,,,,,,,,,,,
,,,,,,,,,,,,
,,,,,,,,,,,,
,,,,,,,,,,,,
,,,,,,,,,,,,
,,,,,,,,,,,,
,,,,,,,,,,,,
,,,,,,,,,,,,
,,,,,,,,,,,,
,,,,,,,,,,,,
,,,,,,,,,,,,
,,,,,,,,,,,,
,,,,,,,,,,,,
,,,,,,,,,,,,
,,,,,,,,,,,,
,,,,,,,,,,,,
,,,,,,,,,,,,
,,,,,,,,,,,,
,,,,,,,,,,,,
,,,,,,,,,,,,
,,,,,,,,,,,,
,,,,,,,,,,,,
,,,,,,,,,,,,
,,,,,,,,,,,,
,,,,,,,,,,,,
,,,,,,,,,,,,
,,,,,,,,,,,,
,,,,,,,,,,,,
,,,,,,,,,,,,
,,,,,,,,,,,,
,,,,,,,,,,,,
,,,,,,,,,,,,
,,,,,,,,,,,,
,,,,,,,,,,,,
,,,,,,,,,,,,
,,,,,,,,,,,,
,,,,,,,,,,,,
,,,,,,,,,,,,
,,,,,,,,,,,,
,,,,,,,,,,,,
,,,,,,,,,,,,
,,,,,,,,,,,,
,,,,,,,,,,,,
,,,,,,,,,,,,
,,,,,,,,,,,,
,,,,,,,,,,,,
,,,,,,,,,,,,
,,,,,,,,,,,,
,,,,,,,,,,,,
,,,,,,,,,,,,
,,,,,,,,,,,,
,,,,,,,,,,,,
,,,,,,,,,,,,
,,,,,,,,,,,,
,,,,,,,,,,,,
,,,,,,,,,,,,
,,,,,,,,,,,,
,,,,,,,,,,,,
,,,,,,,,,,,,
,,,,,,,,,,,,
,,,,,,,,,,,,
,,,,,,,,,,,,
,,,,,,,,,,,,
,,,,,,,,,,,,
,,,,,,,,,,,,
,,,,,,,,,,,,
,,,,,,,,,,,,
,,,,,,,,,,,,
,,,,,,,,,,,,
,,,,,,,,,,,,
,,,,,,,,,,,,
,,,,,,,,,,,,
,,,,,,,,,,,,
,,,,,,,,,,,,
,,,,,,,,,,,,
,,,,,,,,,,,,
,,,,,,,,,,,,
,,,,,,,,,,,,
,,,,,,,,,,,,
,,,,,,,,,,,,
,,,,,,,,,,,,
,,,,,,,,,,,,
,,,,,,,,,,,,
,,,,,,,,,,,,
,,,,,,,,,,,,
,,,,,,,,,,,,
,,,,,,,,,,,,
,,,,,,,,,,,,
,,,,,,,,,,,,
,,,,,,,,,,,,
,,,,,,,,,,,,
,,,,,,,,,,,,
,,,,,,,,,,,,
,,,,,,,,,,,,
,,,,,,,,,,,,
,,,,,,,,,,,,
,,,,,,,,,,,,
,,,,,,,,,,,,
,,,,,,,,,,,,
,,,,,,,,,,,,
,,,,,,,,,,,,
,,,,,,,,,,,,
,,,,,,,,,,,,
,,,,,,,,,,,,
,,,,,,,,,,,,
,,,,,,,,,,,,
,,,,,,,,,,,,
,,,,,,,,,,,,
,,,,,,,,,,,,
,,,,,,,,,,,,
,,,,,,,,,,,,
,,,,,,,,,,,,
,,,,,,,,,,,,
,,,,,,,,,,,,
,,,,,,,,,,,,
,,,,,,,,,,,,
,,,,,,,,,,,,
,,,,,,,,,,,,
,,,,,,,,,,,,
,,,,,,,,,,,,
,,,,,,,,,,,,
,,,,,,,,,,,,
,,,,,,,,,,,,
,,,,,,,,,,,,
,,,,,,,,,,,,
,,,,,,,,,,,,
,,,,,,,,,,,,
,,,,,,,,,,,,
,,,,,,,,,,,,
,,,,,,,,,,,,
,,,,,,,,,,,,
,,,,,,,,,,,,
,,,,,,,,,,,,
,,,,,,,,,,,,
,,,,,,,,,,,,
,,,,,,,,,,,,
,,,,,,,,,,,,
,,,,,,,,,,,,
,,,,,,,,,,,,
,,,,,,,,,,,,
,,,,,,,,,,,,
,,,,,,,,,,,,
,,,,,,,,,,,,
,,,,,,,,,,,,
,,,,,,,,,,,,
,,,,,,,,,,,,
,,,,,,,,,,,,
,,,,,,,,,,,,
,,,,,,,,,,,,
,,,,,,,,,,,,
,,,,,,,,,,,,
,,,,,,,,,,,,
,,,,,,,,,,,,
,,,,,,,,,,,,
,,,,,,,,,,,,
,,,,,,,,,,,,
,,,,,,,,,,,,
,,,,,,,,,,,,
,,,,,,,,,,,,
,,,,,,,,,,,,
,,,,,,,,,,,,
,,,,,,,,,,,,
,,,,,,,,,,,,
